﻿designator,quantity,value,pack,mpn,mount_type
"C1, C2",2,2.2µ,C_Disc_D5.1mm_W3.2mm_P5.00mm,,tht
"C3, C6, C7, C8",4,10µ,CP_Radial_D5.0mm_P2.00mm,,tht
"C4, C5",2,0.01µ,C_Disc_D4.3mm_W1.9mm_P5.00mm,,tht
J1,1,USB-C,NELTRON_5077CR-16SMC2-BK-TR,,smt
J10,1,LMotor,PinSocket_1x02_P2.54mm_Vertical,,tht
J11,1,Servo,PinHeader_1x03_P2.54mm_Horizontal,,tht
J12,1,FR_ESC,PinHeader_1x03_P2.54mm_Horizontal,,tht
J13,1,RR_ESC,PinHeader_1x03_P2.54mm_Horizontal,,tht
J14,1,FL_ESC,PinHeader_1x03_P2.54mm_Horizontal,,tht
J15,1,RL_ESC,PinHeader_1x03_P2.54mm_Horizontal,,tht
J17,1,Lipo_In,AMASS_XT60PW-M_1x02_P7.20mm_Horizontal,,tht
J18,1,FR_PW,AMASS_XT60PW-F_1x02_P7.20mm_Horizontal,,tht
J19,1,RR_PW,AMASS_XT60PW-F_1x02_P7.20mm_Horizontal,,tht
J2,1,FLED_Blue,PinSocket_1x02_P2.54mm_Vertical,,tht
J20,1,FL_PW,AMASS_XT60PW-F_1x02_P7.20mm_Horizontal,,tht
J21,1,RL_PW,AMASS_XT60PW-F_1x02_P7.20mm_Horizontal,,tht
J22,1,Micro_SD,microSD_HC_Hirose_DM3AT-SF-PEJM5,,smt
J3,1,FLED_Red,PinSocket_1x02_P2.54mm_Vertical,,tht
J4,1,OLED,JST_XH_S7B-XH-A_1x07_P2.50mm_Horizontal,,tht
J5,1,AudioJack3,Jack_3.5mm_Switronic_ST-005-G_horizontal,,tht
J6,1,9DoF,JST_ZH_B4B-ZR_1x04_P1.50mm_Vertical,,tht
J7,1,Temperature,PinSocket_1x04_P2.54mm_Vertical,,tht
J8,1,UltraSonic,PinSocket_1x04_P2.54mm_Vertical,,tht
J9,1,RMotor,PinSocket_1x02_P2.54mm_Vertical,,tht
"Q1, Q2",2,2SC1815,TO-92_Inline,,tht
"R1, R2",2,10k,R_Axial_DIN0207_L6.3mm_D2.5mm_P10.16mm_Horizontal,,tht
"R3, R4, R6",3,1k,R_Axial_DIN0207_L6.3mm_D2.5mm_P10.16mm_Horizontal,,tht
R5,1,2k,R_Axial_DIN0207_L6.3mm_D2.5mm_P10.16mm_Horizontal,,tht
R7,1,3.3k,R_Axial_DIN0207_L6.3mm_D2.5mm_P10.16mm_Horizontal,,tht
R8,1,1.2k,R_Axial_DIN0207_L6.3mm_D2.5mm_P10.16mm_Horizontal,,tht
"SW1, SW2",2,SW_Push,SW_SKRPACE010,,smt
U1,1,Pico,RPi_Pico_SMD_TH,,tht
U2,1,PCM5102A,PCM5102A_DIP,,tht
U3,1,"TC78H653FTG,EL",DIP-16_W7.62mm,,tht
