﻿pos_x,pos_y,rotation,side,designator,mpn,pack,value,mount_type,place
157.948,-44.45,180.0,top,C1,,C_Disc_D5.1mm_W3.2mm_P5.00mm,2.2µ,tht,True
161.036,-52.578,90.0,top,C2,,C_Disc_D5.1mm_W3.2mm_P5.00mm,2.2µ,tht,True
130.048,-61.153112,90.0,top,C3,,CP_Radial_D5.0mm_P2.00mm,10µ,tht,True
118.11,-81.915,0.0,top,C4,,C_Disc_D4.3mm_W1.9mm_P5.00mm,0.01µ,tht,True
128.19,-85.725,180.0,top,C5,,C_Disc_D4.3mm_W1.9mm_P5.00mm,0.01µ,tht,True
138.369113,-43.434,180.0,top,C6,,CP_Radial_D5.0mm_P2.00mm,10µ,tht,True
162.052,-62.738,90.0,top,C7,,CP_Radial_D5.0mm_P2.00mm,10µ,tht,True
161.798,-44.704,90.0,top,C8,,CP_Radial_D5.0mm_P2.00mm,10µ,tht,True
171.58,-87.886,90.0,top,J1,,NELTRON_5077CR-16SMC2-BK-TR,USB-C,smt,True
134.62,-67.056,0.0,top,J10,,PinSocket_1x02_P2.54mm_Vertical,LMotor,tht,True
118.04,-91.425,180.0,top,J11,,PinHeader_1x03_P2.54mm_Horizontal,Servo,tht,True
173.98,-54.381,0.0,top,J12,,PinHeader_1x03_P2.54mm_Horizontal,FR_ESC,tht,True
173.99,-120.65,0.0,top,J13,,PinHeader_1x03_P2.54mm_Horizontal,RR_ESC,tht,True
118.1,-59.461,180.0,top,J14,,PinHeader_1x03_P2.54mm_Horizontal,FL_ESC,tht,True
118.04,-125.715,180.0,top,J15,,PinHeader_1x03_P2.54mm_Horizontal,RL_ESC,tht,True
142.45,-131.915,0.0,bottom,J17,,AMASS_XT60PW-M_1x02_P7.20mm_Horizontal,Lipo_In,tht,True
170.17,-53.321,90.0,bottom,J18,,AMASS_XT60PW-F_1x02_P7.20mm_Horizontal,FR_PW,tht,True
170.18,-119.444,90.0,bottom,J19,,AMASS_XT60PW-F_1x02_P7.20mm_Horizontal,RR_PW,tht,True
170.18,-97.79,0.0,top,J2,,PinSocket_1x02_P2.54mm_Vertical,FLED_Blue,tht,True
121.951,-60.604,-90.0,bottom,J20,,AMASS_XT60PW-F_1x02_P7.20mm_Horizontal,FL_PW,tht,True
122.078,-126.771,-90.0,bottom,J21,,AMASS_XT60PW-F_1x02_P7.20mm_Horizontal,RL_PW,tht,True
168.91,-73.35,90.0,top,J22,,microSD_HC_Hirose_DM3AT-SF-PEJM5,Micro_SD,smt,True
168.91,-113.03,0.0,top,J3,,PinSocket_1x02_P2.54mm_Vertical,FLED_Red,tht,True
122.195,-111.64,90.0,bottom,J4,,JST_XH_S7B-XH-A_1x07_P2.50mm_Horizontal,OLED,tht,True
119.11,-76.2,0.0,top,J5,,Jack_3.5mm_Switronic_ST-005-G_horizontal,AudioJack3,tht,True
174.625,-99.695,90.0,top,J6,,JST_ZH_B4B-ZR_1x04_P1.50mm_Vertical,9DoF,tht,True
162.814,-135.128,180.0,top,J7,,PinSocket_1x04_P2.54mm_Vertical,Temperature,tht,True
149.85,-42.316,-90.0,top,J8,,PinSocket_1x04_P2.54mm_Vertical,UltraSonic,tht,True
158.242,-69.596,180.0,top,J9,,PinSocket_1x02_P2.54mm_Vertical,RMotor,tht,True
168.91,-108.585,180.0,bottom,Q1,,TO-92_Inline,2SC1815,tht,True
165.1,-114.3,180.0,bottom,Q2,,TO-92_Inline,2SC1815,tht,True
166.37,-104.14,90.0,bottom,R1,,R_Axial_DIN0207_L6.3mm_D2.5mm_P10.16mm_Horizontal,10k,tht,True
163.195,-109.22,90.0,bottom,R2,,R_Axial_DIN0207_L6.3mm_D2.5mm_P10.16mm_Horizontal,10k,tht,True
131.572,-70.231,180.0,top,R3,,R_Axial_DIN0207_L6.3mm_D2.5mm_P10.16mm_Horizontal,1k,tht,True
128.27,-67.056,180.0,top,R4,,R_Axial_DIN0207_L6.3mm_D2.5mm_P10.16mm_Horizontal,1k,tht,True
128.016,-51.816,90.0,top,R5,,R_Axial_DIN0207_L6.3mm_D2.5mm_P10.16mm_Horizontal,2k,tht,True
131.064,-41.656,-90.0,top,R6,,R_Axial_DIN0207_L6.3mm_D2.5mm_P10.16mm_Horizontal,1k,tht,True
136.525,-137.16,180.0,bottom,R7,,R_Axial_DIN0207_L6.3mm_D2.5mm_P10.16mm_Horizontal,3.3k,tht,True
126.365,-133.985,90.0,bottom,R8,,R_Axial_DIN0207_L6.3mm_D2.5mm_P10.16mm_Horizontal,1.2k,tht,True
174.244,-109.728,180.0,top,SW1,,SW_SKRPACE010,SW_Push,smt,True
174.244,-104.14,180.0,top,SW2,,SW_SKRPACE010,SW_Push,smt,True
142.9259,-102.885,0.0,top,U1,,RPi_Pico_SMD_TH,Pico,tht,True
157.475,-47.508,-90.0,top,U2,,PCM5102A_DIP,PCM5102A,tht,True
155.433,-72.888,90.0,bottom,U3,,DIP-16_W7.62mm,"TC78H653FTG,EL",tht,True
